"product_id","product_type","label","default_product","monthly_payment","deposit","rental_in_advance","derivative_id"
"972777","PCP","Solutions PCP 6.9% APR Representative and £8,000 Deposit Contribution","true","807.84","10392","","RC83YJ-2025-GPCEPCE-GPEXPEX-GPJ3PJ3-GPTCPTC-GYOSYOS"
"972698","BCH","","false","695.98","","4175.88","RC83YJ-2025-GPCEPCE-GPEXPEX-GPJ3PJ3-GPTCPTC-GYOSYOS"
"972777","PCP","Solutions PCP 6.9% APR Representative and £8,000 Deposit Contribution","true","767.48","10631.25","","RC857J-2025-GPCEPCE-GPEXPEX-GPF2PF2-GPJ6PJ6-GPSLPSL-GPTDPTD-GP08P08-GWB4WB4-GYOSYOS-MDAR3S7"
"972652","BCH","","false","675.18","","4051.08","RC857J-2025-GPCEPCE-GPEXPEX-GPF2PF2-GPJ6PJ6-GPSLPSL-GPTDPTD-GP08P08-GWB4WB4-GYOSYOS-MDAR3S7"
"972777","PCP","Solutions PCP 6.9% APR Representative and £8,000 Deposit Contribution","true","887.88","12126","","RC8RZJ-2025-GPCEPCE-GPEXPEX-GPF2PF2-GPJ9PJ9-GPSLPSL-GPTDPTD-GWB4WB4-GWLRWLR-GYOSYOS"
"972698","BCH","","false","748.36","","4490.16","RC8RZJ-2025-GPCEPCE-GPEXPEX-GPF2PF2-GPJ9PJ9-GPSLPSL-GPTDPTD-GWB4WB4-GWLRWLR-GYOSYOS"
"972865","PCP","Solutions PCP 0% APR Representative and £3,200 Deposit Contribution","true","236.69","7712.65","","E122DD-2025-GYGAYGA-GYGGYGG-MBOW1S3"
"972582","PCP","Solutions PCP 5.9% APR Representative and £6,550 deposit contribution","false","268.29","4627.5","","E122DD-2025-GYGAYGA-GYGGYGG-MBOW1S3"
"972811","BCH","","false","322.5","","1935","E122DD-2025-GYGAYGA-GYGGYGG-MBOW1S3"
"972865","PCP","Solutions PCP 0% APR Representative and £3,200 Deposit Contribution","true","299.32","11578.8","","E129VP-2025-GPBNPBN-GPJSPJS-GPK5PK5-GWE1WE1-GW60W60-GYGAYGA"
"972582","PCP","Solutions PCP 5.9% APR Representative and £6,550 deposit contribution","false","419.81","6947.25","","E129VP-2025-GPBNPBN-GPJSPJS-GPK5PK5-GWE1WE1-GW60W60-GYGAYGA"
"972811","BCH","","false","449","","2694","E129VP-2025-GPBNPBN-GPJSPJS-GPK5PK5-GWE1WE1-GW60W60-GYGAYGA"
"972865","PCP","Solutions PCP 0% APR Representative and £3,200 Deposit Contribution","true","289.83","8932.75","","E123KK-2025-MSNRS25-GW42W42-GYGAYGA"
"972582","PCP","Solutions PCP 5.9% APR Representative and £6,550 deposit contribution","false","336.15","5359.5","","E123KK-2025-MSNRS25-GW42W42-GYGAYGA"
"972811","BCH","","false","392.35","","2354.1","E123KK-2025-MSNRS25-GW42W42-GYGAYGA"
"972865","PCP","Solutions PCP 0% APR Representative and £3,200 Deposit Contribution","true","240.41","9982.65","","E124KN-2025-GPK5PK5-GPS1PS1-MSNRS25-MABAUD2-GWE1WE1-GW60W60-GYGAYGA"
"972582","PCP","Solutions PCP 5.9% APR Representative and £6,550 deposit contribution","false","337.39","5989.5","","E124KN-2025-GPK5PK5-GPS1PS1-MSNRS25-MABAUD2-GWE1WE1-GW60W60-GYGAYGA"
"972811","BCH","","false","311","","1866","E124KN-2025-GPK5PK5-GPS1PS1-MSNRS25-MABAUD2-GWE1WE1-GW60W60-GYGAYGA"
"972865","PCP","Solutions PCP 0% APR Representative and £3,200 Deposit Contribution","true","252.41","9162.65","","E123KK-2025-GPJBPJB-GPK5PK5-GPS1PS1-MSNRS25-MABAUD2-GWE1WE1-GW60W60-GYGAYGA"
"972582","PCP","Solutions PCP 5.9% APR Representative and £6,550 deposit contribution","false","320.48","5497.5","","E123KK-2025-GPJBPJB-GPK5PK5-GPS1PS1-MSNRS25-MABAUD2-GWE1WE1-GW60W60-GYGAYGA"
"972811","BCH","","false","249","","1494","E123KK-2025-GPJBPJB-GPK5PK5-GPS1PS1-MSNRS25-MABAUD2-GWE1WE1-GW60W60-GYGAYGA"
"972865","PCP","Solutions PCP 0% APR Representative and £3,200 Deposit Contribution","true","208.7","8052.5","","E122DD-2025-MKSUKA2-GPJBPJB-GPK5PK5-GW50W50-GYGAYGA-GYGGYGG-MZFM0TD-MBOW1S3-MSSH4KF-MLIA8G1"
"972582","PCP","Solutions PCP 5.9% APR Representative and £6,550 deposit contribution","false","261.59","4831.5","","E122DD-2025-MKSUKA2-GPJBPJB-GPK5PK5-GW50W50-GYGAYGA-GYGGYGG-MZFM0TD-MBOW1S3-MSSH4KF-MLIA8G1"
"972811","BCH","","false","229","","1374","E122DD-2025-MKSUKA2-GPJBPJB-GPK5PK5-GW50W50-GYGAYGA-GYGGYGG-MZFM0TD-MBOW1S3-MSSH4KF-MLIA8G1"
"972865","PCP","Solutions PCP 0% APR Representative and £3,200 Deposit Contribution","true","282.33","9805.25","","E124KN-2025-MSNRS25-GW42W42-GYGAYGA"
"972582","PCP","Solutions PCP 5.9% APR Representative and £6,550 deposit contribution","false","358.28","5883","","E124KN-2025-MSNRS25-GW42W42-GYGAYGA"
"972811","BCH","","false","408.07","","2448.42","E124KN-2025-MSNRS25-GW42W42-GYGAYGA"
"972584","PCP","Solutions PCP 0% APR Representative and £5,750 deposit contribution","true","334.37","13433.75","","E399VP-2025-GPALPAL-GPAZPAZ-GPA5PA5-GPSGPSG-GRD9RD9-GWD9WD9-GW60W60-GYGAYGA-MBOW1S3"
"972740","PCP","Solutions PCP 5.9% APR Representative and £8,900 deposit contribution","false","487.12","8060.25","","E399VP-2025-GPALPAL-GPAZPAZ-GPA5PA5-GPSGPSG-GRD9RD9-GWD9WD9-GW60W60-GYGAYGA-MBOW1S3"
"972811","BCH","","false","478.76","","2872.56","E399VP-2025-GPALPAL-GPAZPAZ-GPA5PA5-GPSGPSG-GRD9RD9-GWD9WD9-GW60W60-GYGAYGA-MBOW1S3"
"972584","PCP","Solutions PCP 0% APR Representative and £5,750 deposit contribution","true","290.25","11472.75","","E393RN-2025-GPAIPAI-GPAYPAY-GPA2PA2-GRD8RD8-MABAUD2-GWD1WD1-GW60W60-GYGAYGA-MBOW1S3-MSDH5I6"
"972740","PCP","Solutions PCP 5.9% APR Representative and £8,900 deposit contribution","false","401.93","6883.5","","E393RN-2025-GPAIPAI-GPAYPAY-GPA2PA2-GRD8RD8-MABAUD2-GWD1WD1-GW60W60-GYGAYGA-MBOW1S3-MSDH5I6"
"972811","BCH","","false","433.84","","2603.04","E393RN-2025-GPAIPAI-GPAYPAY-GPA2PA2-GRD8RD8-MABAUD2-GWD1WD1-GW60W60-GYGAYGA-MBOW1S3-MSDH5I6"
"972584","PCP","Solutions PCP 0% APR Representative and £5,750 deposit contribution","true","291.32","10270.3","","E392DF-2025-GPAIPAI-GPAYPAY-GPJ7PJ7-GRD8RD8-GWD1WD1-GW05W05-GYGAYGA-GYGGYGG-MBOW1S3-MSSH4KF"
"972740","PCP","Solutions PCP 5.9% APR Representative and £8,900 deposit contribution","false","366.64","6162","","E392DF-2025-GPAIPAI-GPAYPAY-GPJ7PJ7-GRD8RD8-GWD1WD1-GW05W05-GYGAYGA-GYGGYGG-MBOW1S3-MSSH4KF"
"972811","BCH","","false","385.81","","2314.86","E392DF-2025-GPAIPAI-GPAYPAY-GPJ7PJ7-GRD8RD8-GWD1WD1-GW05W05-GYGAYGA-GYGGYGG-MBOW1S3-MSSH4KF"
"972513","PCP","Solutions PCP 0% APR Representative and £1,700 deposit contribution","true","392.2","13870.2","","ED24QM-2025-GPBEPBE-GPBPPBP-GP01P01-GP22P22-GW55W55"
"972807","PCP","Solutions PCP 5.9% APR Representative and £6,900 deposit contribution","false","513.79","8322","","ED24QM-2025-GPBEPBE-GPBPPBP-GP01P01-GP22P22-GW55W55"
"972811","BCH","","false","449","","2694","ED24QM-2025-GPBEPBE-GPBPPBP-GP01P01-GP22P22-GW55W55"
"972513","PCP","Solutions PCP 0% APR Representative and £1,700 deposit contribution","true","445.14","15502.6","","ED29PM-2025-GPBFPBF-GPBPPBP-GP01P01-GP36P36-GW55W55"
"972807","PCP","Solutions PCP 5.9% APR Representative and £6,900 deposit contribution","false","594.1","9301.5","","ED29PM-2025-GPBFPBF-GPBPPBP-GP01P01-GP36P36-GW55W55"
"972811","BCH","","false","499","","2994","ED29PM-2025-GPBFPBF-GPBPPBP-GP01P01-GP36P36-GW55W55"
"972513","PCP","Solutions PCP 0% APR Representative and £1,700 deposit contribution","true","353.89","12895.05","","ED23QK-2025-GPBEPBE-GPBPPBP-GP01P01-GP22P22-GW55W55"
"972807","PCP","Solutions PCP 5.9% APR Representative and £6,900 deposit contribution","false","461.8","7737","","ED23QK-2025-GPBEPBE-GPBPPBP-GP01P01-GP22P22-GW55W55"
"972811","BCH","","false","379","","2274","ED23QK-2025-GPBEPBE-GPBPPBP-GP01P01-GP22P22-GW55W55"
"972550","PCP","Solutions PCP 6.9% APR Representative and £1,000 Deposit Contribution","true","278.63","3537.75","","AE13AZ-2025-GPF3PF3-GPI3PI3-GRBPRBP-GWD1WD1-GWLDWLD-GYKMYKM-GYOSYOS"
"972443","BCH","","false","269.85","","1619.1","AE13AZ-2025-GPF3PF3-GPI3PI3-GRBPRBP-GWD1WD1-GWLDWLD-GYKMYKM-GYOSYOS"
"972550","PCP","Solutions PCP 6.9% APR Representative and £1,000 Deposit Contribution","true","245.45","3181.5","","AE13GV-2025-GPI3PI3-GRBPRBP-GWD1WD1-GWLDWLD-GYKMYKM-GYOSYOS"
"972443","BCH","","false","239.03","","1434.18","AE13GV-2025-GPI3PI3-GRBPRBP-GWD1WD1-GWLDWLD-GYKMYKM-GYOSYOS"
"972550","PCP","Solutions PCP 6.9% APR Representative and £1,000 Deposit Contribution","true","258.98","3322.5","","AE13AV-2025-GPF3PF3-GPI3PI3-GRBPRBP-GWD1WD1-GWLDWLD-GYKMYKM-GYOSYOS"
"972443","BCH","","false","251.91","","1511.46","AE13AV-2025-GPF3PF3-GPI3PI3-GRBPRBP-GWD1WD1-GWLDWLD-GYKMYKM-GYOSYOS"
"972550","PCP","Solutions PCP 6.9% APR Representative and £1,000 Deposit Contribution","true","268.71","3426","","AE13AV-2025-MKSUKA1-GPF3PF3-GPI7PI7-GRBPRBP-GWD1WD1-GWLDWLD-GW10W10-GYKMYKM-GYOSYOS-MSSH4KF"
"972443","BCH","","false","260.96","","1565.76","AE13AV-2025-MKSUKA1-GPF3PF3-GPI7PI7-GRBPRBP-GWD1WD1-GWLDWLD-GW10W10-GYKMYKM-GYOSYOS-MSSH4KF"
"972550","PCP","Solutions PCP 6.9% APR Representative and £1,000 Deposit Contribution","true","288.01","3641.25","","AE13AZ-2025-MKSUKA1-GPF3PF3-GPI7PI7-GRBPRBP-GWD1WD1-GWLDWLD-GW10W10-GYKMYKM-GYOSYOS-MSSH4KF"
"972443","BCH","","false","278.9","","1673.4","AE13AZ-2025-MKSUKA1-GPF3PF3-GPI7PI7-GRBPRBP-GWD1WD1-GWLDWLD-GW10W10-GYKMYKM-GYOSYOS-MSSH4KF"
"972551","PCP","Solutions PCP 6.9% APR Representative and £1,500 Deposit Contribution","true","304.22","3897.75","","AE15AZ-2025-GPF3PF3-GRBFRBF-GWD1WD1-GWLCWLC-GYKMYKM-GYOSYOS-MSSH4KF-MHKA9AK-MMFA9S0"
"972443","BCH","","false","305.9","","1835.4","AE15AZ-2025-GPF3PF3-GRBFRBF-GWD1WD1-GWLCWLC-GYKMYKM-GYOSYOS-MSSH4KF-MHKA9AK-MMFA9S0"
"972551","PCP","Solutions PCP 6.9% APR Representative and £1,500 Deposit Contribution","true","316.13","4081.5","","AE15BZ-2025-GPF3PF3-GRBFRBF-GWD1WD1-GWLCWLC-GYKMYKM-GYOSYOS-MSSH4KF-MHKA9AK-MMFA9S0"
"972443","BCH","","false","316.05","","1896.3","AE15BZ-2025-GPF3PF3-GRBFRBF-GWD1WD1-GWLCWLC-GYKMYKM-GYOSYOS-MSSH4KF-MHKA9AK-MMFA9S0"
"972551","PCP","Solutions PCP 6.9% APR Representative and £1,500 Deposit Contribution","true","284.17","3682.5","","AE15AV-2025-GPF3PF3-GRBFRBF-GWD1WD1-GWLCWLC-GYKMYKM-GYOSYOS-MSSH4KF-MHKA9AK-MMFA9S0"
"972443","BCH","","false","287.95","","1727.7","AE15AV-2025-GPF3PF3-GRBFRBF-GWD1WD1-GWLCWLC-GYKMYKM-GYOSYOS-MSSH4KF-MHKA9AK-MMFA9S0"
"972860","PCP","Solutions PCP 6.9% APR Representative and £2,250 Deposit Contribution","true","337.52","4564.5","","AE19UZ-2025-GPDBPDB-GPF3PF3-GRBFRBF-GWD1WD1-GWLDWLD-GYKMYKM-GYOSYOS-MSSH4KF-MHKA9AK-MMFA9S0"
"972443","BCH","","false","351.92","","2111.46","AE19UZ-2025-GPDBPDB-GPF3PF3-GRBFRBF-GWD1WD1-GWLDWLD-GYKMYKM-GYOSYOS-MSSH4KF-MHKA9AK-MMFA9S0"
"972551","PCP","Solutions PCP 6.9% APR Representative and £1,500 Deposit Contribution","true","287.13","3682.5","","AE14AV-2025-GPF3PF3-GPI5PI5-GRBFRBF-GWD1WD1-GWLDWLD-GYKMYKM-GYOSYOS-MHKA9AK-MMFA9S0"
"972443","BCH","","false","291.47","","1748.82","AE14AV-2025-GPF3PF3-GPI5PI5-GRBFRBF-GWD1WD1-GWLDWLD-GYKMYKM-GYOSYOS-MHKA9AK-MMFA9S0"
"972551","PCP","Solutions PCP 6.9% APR Representative and £1,500 Deposit Contribution","true","318.9","4156.5","","AE15BZ-2025-GPDRPDR-GPF3PF3-GPJEPJE-GPXAPXA-GRBFRBF-GWD1WD1-GWLDWLD-GW65W65-GYKMYKM-GYOSYOS-MSIH4A3-MHKA9AK-MMFA9S0"
"972443","BCH","","false","318.02","","1908.12","AE15BZ-2025-GPDRPDR-GPF3PF3-GPJEPJE-GPXAPXA-GRBFRBF-GWD1WD1-GWLDWLD-GW65W65-GYKMYKM-GYOSYOS-MSIH4A3-MHKA9AK-MMFA9S0"
"972583","PCP","Solutions PCP 0% APR Representative and £5,100 deposit contribution","true","359.96","13058.8","","E219VN-2025-GPALPAL-GPAZPAZ-GPA5PA5-GPSGPSG-GRD9RD9-GWD9WD9-GW60W60-GYGAYGA"
"972650","PCP","Solutions PCP 5.9% APR Representative and £6,025 deposit contribution","false","546.98","7835.25","","E219VN-2025-GPALPAL-GPAZPAZ-GPA5PA5-GPSGPSG-GRD9RD9-GWD9WD9-GW60W60-GYGAYGA"
"972811","BCH","","false","469","","2814","E219VN-2025-GPALPAL-GPAZPAZ-GPA5PA5-GPSGPSG-GRD9RD9-GWD9WD9-GW60W60-GYGAYGA"
"972583","PCP","Solutions PCP 0% APR Representative and £5,100 deposit contribution","true","309.42","11097.5","","E213RN-2025-GPAIPAI-GPAYPAY-GPA2PA2-GPJ8PJ8-GRD8RD8-MABAUD2-GWD1WD1-GW60W60-GYGAYGA-MSDH5I6"
"972650","PCP","Solutions PCP 5.9% APR Representative and £6,025 deposit contribution","false","458.24","6658.5","","E213RN-2025-GPAIPAI-GPAYPAY-GPA2PA2-GPJ8PJ8-GRD8RD8-MABAUD2-GWD1WD1-GW60W60-GYGAYGA-MSDH5I6"
"972811","BCH","","false","329","","1974","E213RN-2025-GPAIPAI-GPAYPAY-GPA2PA2-GPJ8PJ8-GRD8RD8-MABAUD2-GWD1WD1-GW60W60-GYGAYGA-MSDH5I6"
"972583","PCP","Solutions PCP 0% APR Representative and £5,100 deposit contribution","true","323.82","11527.8","","E213QN-2025-GPAIPAI-GPAYPAY-GPA2PA2-GPJ8PJ8-GRD8RD8-MABAUD2-GWD1WD1-GW60W60-GYGAYGA-MSDH5I6"
"972650","PCP","Solutions PCP 5.9% APR Representative and £6,025 deposit contribution","false","479.69","6916.5","","E213QN-2025-GPAIPAI-GPAYPAY-GPA2PA2-GPJ8PJ8-GRD8RD8-MABAUD2-GWD1WD1-GW60W60-GYGAYGA-MSDH5I6"
"972811","BCH","","false","399","","2394","E213QN-2025-GPAIPAI-GPAYPAY-GPA2PA2-GPJ8PJ8-GRD8RD8-MABAUD2-GWD1WD1-GW60W60-GYGAYGA-MSDH5I6"
"972583","PCP","Solutions PCP 0% APR Representative and £5,100 deposit contribution","true","305.34","9895.3","","E212DF-2025-GPAIPAI-GPAYPAY-GPJ7PJ7-GRD8RD8-GWD1WD1-GW05W05-GYGAYGA-GYGGYGG-MSSH4KF"
"972650","PCP","Solutions PCP 5.9% APR Representative and £6,025 deposit contribution","false","420.13","5937","","E212DF-2025-GPAIPAI-GPAYPAY-GPJ7PJ7-GRD8RD8-GWD1WD1-GW05W05-GYGAYGA-GYGGYGG-MSSH4KF"
"972811","BCH","","false","265","","1590","E212DF-2025-GPAIPAI-GPAYPAY-GPJ7PJ7-GRD8RD8-GWD1WD1-GW05W05-GYGAYGA-GYGGYGG-MSSH4KF"
"972513","PCP","Solutions PCP 0% APR Representative and £1,700 deposit contribution","true","442.8","15675.1","","ED59PM-2025-GPBFPBF-GPBPPBP-GP01P01-GP36P36-GW55W55"
"972807","PCP","Solutions PCP 5.9% APR Representative and £6,900 deposit contribution","false","597.96","9405","","ED59PM-2025-GPBFPBF-GPBPPBP-GP01P01-GP36P36-GW55W55"
"972811","BCH","","false","519","","3114","ED59PM-2025-GPBFPBF-GPBPPBP-GP01P01-GP36P36-GW55W55"
"972513","PCP","Solutions PCP 0% APR Representative and £1,700 deposit contribution","true","351.55","13067.55","","ED53QK-2025-GPBEPBE-GPBPPBP-GP01P01-GP22P22-GW55W55"
"972807","PCP","Solutions PCP 5.9% APR Representative and £6,900 deposit contribution","false","465.53","7840.5","","ED53QK-2025-GPBEPBE-GPBPPBP-GP01P01-GP22P22-GW55W55"
"972811","BCH","","false","399","","2394","ED53QK-2025-GPBEPBE-GPBPPBP-GP01P01-GP22P22-GW55W55"
"972513","PCP","Solutions PCP 0% APR Representative and £1,700 deposit contribution","true","389.86","14042.7","","ED54QM-2025-GPBEPBE-GPBPPBP-GP01P01-GP22P22-GW55W55"
"972807","PCP","Solutions PCP 5.9% APR Representative and £6,900 deposit contribution","false","517.56","8425.5","","ED54QM-2025-GPBEPBE-GPBPPBP-GP01P01-GP22P22-GW55W55"
"972811","BCH","","false","469","","2814","ED54QM-2025-GPBEPBE-GPBPPBP-GP01P01-GP22P22-GW55W55"
"972552","PCP","Solutions PCP 6.9% APR Representative and £2,500 Deposit Contribution","true","484.45","6867.75","","DA1RPT-2025-MAAUE40-GPF2PF2-GPG4PG4-GPK2PK2-GRDARDA-GWW1WW1-GW4AW4A-GW7AW7A-GYBPYBP-GYOSYOS"
"972652","BCH","","false","449.76","","2698.56","DA1RPT-2025-MAAUE40-GPF2PF2-GPG4PG4-GPK2PK2-GRDARDA-GWW1WW1-GW4AW4A-GW7AW7A-GYBPYBP-GYOSYOS"
"972552","PCP","Solutions PCP 6.9% APR Representative and £2,500 Deposit Contribution","true","472.43","6680.25","","DA1RPT-2025-GPF2PF2-GPG4PG4-GPK2PK2-GPXDPXD-GRDARDA-GWW1WW1-GYOSYOS"
"972652","BCH","","false","439.68","","2638.08","DA1RPT-2025-GPF2PF2-GPG4PG4-GPK2PK2-GPXDPXD-GRDARDA-GWW1WW1-GYOSYOS"
"972552","PCP","Solutions PCP 6.9% APR Representative and £2,500 Deposit Contribution","true","305.08","4164","","DA13BX-2025-GPG4PG4-GPLAPLA-GPU2PU2-GRDARDA-GYOSYOS"
"972652","BCH","","false","266.54","","1599.24","DA13BX-2025-GPG4PG4-GPLAPLA-GPU2PU2-GRDARDA-GYOSYOS"
"972617","PCP","Solutions PCP 6.9% APR Representative and £1,500 Deposit Contribution","true","364.56","4599.75","","DA13EM-2025-MKSUKA2-GPG4PG4-GPI1PI1-GPK2PK2-GPLDPLD-GRDARDA-GW20W20-GYOSYOS-MSSH4KF"
"972652","BCH","","false","297.79","","1786.74","DA13EM-2025-MKSUKA2-GPG4PG4-GPI1PI1-GPK2PK2-GPLDPLD-GRDARDA-GW20W20-GYOSYOS-MSSH4KF"
"972552","PCP","Solutions PCP 6.9% APR Representative and £2,500 Deposit Contribution","true","325.15","4459.5","","DA132X-2025-MKSUKA2-GPG4PG4-GPI1PI1-GPK1PK1-GPLDPLD-GPU2PU2-GRDARDA-GW20W20-GYOSYOS-MSSH4KF"
"972652","BCH","","false","288.94","","1733.64","DA132X-2025-MKSUKA2-GPG4PG4-GPI1PI1-GPK1PK1-GPLDPLD-GPU2PU2-GRDARDA-GW20W20-GYOSYOS-MSSH4KF"
"972552","PCP","Solutions PCP 6.9% APR Representative and £2,500 Deposit Contribution","true","316.09","4361.25","","DA13EX-2025-MKSUKA2-GPG4PG4-GPI1PI1-GPK1PK1-GPLDPLD-GPU2PU2-GRDARDA-GW20W20-GYOSYOS-MSSH4KF"
"972652","BCH","","false","274.74","","1648.44","DA13EX-2025-MKSUKA2-GPG4PG4-GPI1PI1-GPK1PK1-GPLDPLD-GPU2PU2-GRDARDA-GW20W20-GYOSYOS-MSSH4KF"
"972618","PCP","Solutions PCP 6.9% APR Representative and £2,500 Deposit Contribution","true","418.99","5421","","DA13HY-2025-MKSUKA2-GPG4PG4-GPK2PK2-GPLDPLD-GRDARDA-GW20W20-GYOSYOS-MSSH4KF"
"972698","BCH","","false","351.27","","2107.62","DA13HY-2025-MKSUKA2-GPG4PG4-GPK2PK2-GPLDPLD-GRDARDA-GW20W20-GYOSYOS-MSSH4KF"
"972552","PCP","Solutions PCP 6.9% APR Representative and £2,500 Deposit Contribution","true","303.3","4190.25","","DA13BX-2025-MKSUKA2-GPG4PG4-GPI1PI1-GPK1PK1-GPLDPLD-GPU2PU2-GRDARDA-GW20W20-GYOSYOS-MSSH4KF"
"972652","BCH","","false","245","","1470","DA13BX-2025-MKSUKA2-GPG4PG4-GPI1PI1-GPK1PK1-GPLDPLD-GPU2PU2-GRDARDA-GW20W20-GYOSYOS-MSSH4KF"
"972552","PCP","Solutions PCP 6.9% APR Representative and £2,500 Deposit Contribution","true","451.19","6417","","DA19VZ-2025-GPF2PF2-GPG4PG4-GPK2PK2-GPLAPLA-GPXDPXD-GRDARDA-GWW1WW1-GYOSYOS"
"972652","BCH","","false","417.83","","2506.98","DA19VZ-2025-GPF2PF2-GPG4PG4-GPK2PK2-GPLAPLA-GPXDPXD-GRDARDA-GWW1WW1-GYOSYOS"
"972617","PCP","Solutions PCP 6.9% APR Representative and £1,500 Deposit Contribution","true","384.98","4903.5","","DA15EM-2025-GPG4PG4-GPLAPLA-GRDARDA-GYOSYOS"
"972652","BCH","","false","314.9","","1889.4","DA15EM-2025-GPG4PG4-GPLAPLA-GRDARDA-GYOSYOS"
"972552","PCP","Solutions PCP 6.9% APR Representative and £2,500 Deposit Contribution","true","336.88","4665","","DA15EX-2025-GPG4PG4-GPLAPLA-GRDARDA-GYOSYOS"
"972652","BCH","","false","291.84","","1751.04","DA15EX-2025-GPG4PG4-GPLAPLA-GRDARDA-GYOSYOS"
"972552","PCP","Solutions PCP 6.9% APR Representative and £2,500 Deposit Contribution","true","383.83","5175","","DA157Z-2025-GPG4PG4-GPLAPLA-GRDARDA-GYOSYOS"
"972652","BCH","","false","342.18","","2053.08","DA157Z-2025-GPG4PG4-GPLAPLA-GRDARDA-GYOSYOS"
"972617","PCP","Solutions PCP 6.9% APR Representative and £1,500 Deposit Contribution","true","370.39","4651.5","","DA14BM-2025-GPF2PF2-GPG4PG4-GPLDPLD-GRDARDA-GYOSYOS"
"972652","BCH","","false","302.84","","1817.04","DA14BM-2025-GPF2PF2-GPG4PG4-GPLDPLD-GRDARDA-GYOSYOS"
"972618","PCP","Solutions PCP 6.9% APR Representative and £2,500 Deposit Contribution","true","430.8","5574.75","","DA14HY-2025-GPF2PF2-GPG4PG4-GPLDPLD-GRDARDA-GYOSYOS"
"972698","BCH","","false","332","","1992","DA14HY-2025-GPF2PF2-GPG4PG4-GPLDPLD-GRDARDA-GYOSYOS"
"972617","PCP","Solutions PCP 6.9% APR Representative and £1,500 Deposit Contribution","true","383.11","4822.5","","DA14EM-2025-GPF2PF2-GPG4PG4-GPLDPLD-GRDARDA-GYOSYOS"
"972652","BCH","","false","313.85","","1883.1","DA14EM-2025-GPF2PF2-GPG4PG4-GPLDPLD-GRDARDA-GYOSYOS"
"972552","PCP","Solutions PCP 6.9% APR Representative and £2,500 Deposit Contribution","true","334.23","4584","","DA14EX-2025-GPF1PF1-GPG4PG4-GPLDPLD-GRDARDA-GYOSYOS"
"972652","BCH","","false","291.3","","1747.8","DA14EX-2025-GPF1PF1-GPG4PG4-GPLDPLD-GRDARDA-GYOSYOS"
"972618","PCP","Solutions PCP 6.9% APR Representative and £2,500 Deposit Contribution","true","455.78","6049.5","","DA16JY-2025-GPF2PF2-GPG4PG4-GPK2PK2-GPLAPLA-GPXDPXD-GRDARDA-GWW1WW1-GYOSYOS"
"972698","BCH","","false","359","","2154","DA16JY-2025-GPF2PF2-GPG4PG4-GPK2PK2-GPLAPLA-GPXDPXD-GRDARDA-GWW1WW1-GYOSYOS"
"972552","PCP","Solutions PCP 6.9% APR Representative and £2,500 Deposit Contribution","true","422.91","6003.75","","DA19ZZ-2025-GPF2PF2-GPG4PG4-GPJ6PJ6-GPK2PK2-GPLAPLA-GPXDPXD-GRDARDA-GWW1WW1-GYOSYOS"
"972652","BCH","","false","392.75","","2356.5","DA19ZZ-2025-GPF2PF2-GPG4PG4-GPJ6PJ6-GPK2PK2-GPLAPLA-GPXDPXD-GRDARDA-GWW1WW1-GYOSYOS"
"972552","PCP","Solutions PCP 6.9% APR Representative and £2,500 Deposit Contribution","true","346.79","4815","","DA15EX-2025-GPG4PG4-GPJ5PJ5-GPLAPLA-GRDARDA-GWBTWBT-GWW1WW1-GW7AW7A-GYOSYOS"
"972652","BCH","","false","279","","1674","DA15EX-2025-GPG4PG4-GPJ5PJ5-GPLAPLA-GRDARDA-GWBTWBT-GWW1WW1-GW7AW7A-GYOSYOS"
"972617","PCP","Solutions PCP 6.9% APR Representative and £1,500 Deposit Contribution","true","395.14","5053.5","","DA15EM-2025-GPG4PG4-GPJ5PJ5-GPLAPLA-GRDARDA-GWBTWBT-GWW1WW1-GW7AW7A-GYOSYOS"
"972652","BCH","","false","323.77","","1942.62","DA15EM-2025-GPG4PG4-GPJ5PJ5-GPLAPLA-GRDARDA-GWBTWBT-GWW1WW1-GW7AW7A-GYOSYOS"
"972552","PCP","Solutions PCP 6.9% APR Representative and £2,500 Deposit Contribution","true","394.17","5325","","DA157Z-2025-GPG4PG4-GPJ5PJ5-GPLAPLA-GRDARDA-GWBTWBT-GWW1WW1-GW7AW7A-GYOSYOS"
"972652","BCH","","false","351.06","","2106.36","DA157Z-2025-GPG4PG4-GPJ5PJ5-GPLAPLA-GRDARDA-GWBTWBT-GWW1WW1-GW7AW7A-GYOSYOS"
"972620","PCP","Solutions PCP 6.9% APR Representative and £2,250 Deposit Contribution","true","474.52","5793","","AC83LE-2025-GRBFRBF-GWD1WD1-GWWCWWC-GW99W99-GYOSYOS-MLOR7P1"
"972652","BCH","","false","410.23","","2461.38","AC83LE-2025-GRBFRBF-GWD1WD1-GWWCWWC-GW99W99-GYOSYOS-MLOR7P1"
"972620","PCP","Solutions PCP 6.9% APR Representative and £2,250 Deposit Contribution","true","452.78","5538","","AC83LD-2025-GRBFRBF-GWD1WD1-GWWCWWC-GW99W99-GYOSYOS-MLOR7P1"
"972652","BCH","","false","390.37","","2342.22","AC83LD-2025-GRBFRBF-GWD1WD1-GWWCWWC-GW99W99-GYOSYOS-MLOR7P1"
"972620","PCP","Solutions PCP 6.9% APR Representative and £2,250 Deposit Contribution","true","432.82","5310.75","","AC83AX-2025-GRBFRBF-GWD1WD1-GWWCWWC-GW99W99-GYOSYOS-MLOR7P1"
"972652","BCH","","false","371.71","","2230.26","AC83AX-2025-GRBFRBF-GWD1WD1-GWWCWWC-GW99W99-GYOSYOS-MLOR7P1"
"972620","PCP","Solutions PCP 6.9% APR Representative and £2,250 Deposit Contribution","true","482.31","5931","","AC85LD-2025-GPXBPXB-GRBFRBF-GWD1WD1-GWWDWWD-GW99W99-GYOSYOS"
"972652","BCH","","false","416.64","","2499.84","AC85LD-2025-GPXBPXB-GRBFRBF-GWD1WD1-GWWDWWD-GW99W99-GYOSYOS"
"972620","PCP","Solutions PCP 6.9% APR Representative and £2,250 Deposit Contribution","true","503.97","6186","","AC85LE-2025-GPXBPXB-GRBFRBF-GWD1WD1-GWWDWWD-GW99W99-GYOSYOS"
"972652","BCH","","false","456.48","","2738.88","AC85LE-2025-GPXBPXB-GRBFRBF-GWD1WD1-GWWDWWD-GW99W99-GYOSYOS"
"972867","PCP","Solutions PCP 6.9% APR Representative and £2,500 Deposit Contribution","true","482.8","6660.75","","R413ZY-2025-GPDAPDA-GPE4PE4-GPJEPJE-GRBARBA-GWN3WN3-GW01W01-GYOSYOS-MDEI3FU"
"972698","BCH","","false","480.9","","2885.4","R413ZY-2025-GPDAPDA-GPE4PE4-GPJEPJE-GRBARBA-GWN3WN3-GW01W01-GYOSYOS-MDEI3FU"
"972523","PCP","Solutions PCP 6.9% APR Representative and £750 Deposit Contribution","true","479.42","6363","","R414BM-2025-GPFBPFB-GPG4PG4-GPJHPJH-GRBARBA-GWN3WN3-GYOSYOS"
"972652","BCH","","false","473.29","","2839.74","R414BM-2025-GPFBPFB-GPG4PG4-GPJHPJH-GRBARBA-GWN3WN3-GYOSYOS"
"972523","PCP","Solutions PCP 6.9% APR Representative and £750 Deposit Contribution","true","498.19","6543","","R4144Z-2025-GPFBPFB-GPG4PG4-GPJHPJH-GRBARBA-GWN3WN3-GYOSYOS"
"972652","BCH","","false","487.62","","2925.72","R4144Z-2025-GPFBPFB-GPG4PG4-GPJHPJH-GRBARBA-GWN3WN3-GYOSYOS"
"972867","PCP","Solutions PCP 6.9% APR Representative and £2,500 Deposit Contribution","true","503.53","6971.25","","R414ZY-2025-GPFBPFB-GPJHPJH-GRBARBA-GWN3WN3-GYOSYOS"
"972698","BCH","","false","498.03","","2988.18","R414ZY-2025-GPFBPFB-GPJHPJH-GRBARBA-GWN3WN3-GYOSYOS"
"972867","PCP","Solutions PCP 6.9% APR Representative and £2,500 Deposit Contribution","true","491.39","7107","","R415ZY-2025-GPE4PE4-GPJMPJM-GRBARBA-GWN3WN3-GWW2WW2-GW01W01-GYOSYOS-MDEI3FU"
"972698","BCH","","false","479.66","","2877.96","R415ZY-2025-GPE4PE4-GPJMPJM-GRBARBA-GWN3WN3-GWW2WW2-GW01W01-GYOSYOS-MDEI3FU"
"972867","PCP","Solutions PCP 6.9% APR Representative and £2,500 Deposit Contribution","true","534.62","7515","","R415YY-2025-GPE4PE4-GPJMPJM-GRBARBA-GWN3WN3-GWW2WW2-GW01W01-GYOSYOS-MDEI3FU"
"972698","BCH","","false","521.76","","3130.56","R415YY-2025-GPE4PE4-GPJMPJM-GRBARBA-GWN3WN3-GWW2WW2-GW01W01-GYOSYOS-MDEI3FU"
"972523","PCP","Solutions PCP 6.9% APR Representative and £750 Deposit Contribution","true","600.13","7600.5","","R415ST-2025-GPG4PG4-GRBARBA-GWD1WD1-GWN3WN3-GWW2WW2-GYOSYOS"
"972652","BCH","","false","600.94","","3605.64","R415ST-2025-GPG4PG4-GRBARBA-GWD1WD1-GWN3WN3-GWW2WW2-GYOSYOS"
"972523","PCP","Solutions PCP 6.9% APR Representative and £750 Deposit Contribution","true","486.14","6603.75","","R4154Z-2025-GPG4PG4-GPJKPJK-GRBARBA-GWD1WD1-GWN3WN3-GWW2WW2-GYOSYOS"
"972652","BCH","","false","472.02","","2832.12","R4154Z-2025-GPG4PG4-GPJKPJK-GRBARBA-GWD1WD1-GWN3WN3-GWW2WW2-GYOSYOS"
"972867","PCP","Solutions PCP 6.9% APR Representative and £2,500 Deposit Contribution","true","491.68","7032","","R415ZY-2025-GPJKPJK-GRBARBA-GWD1WD1-GWN3WN3-GWW2WW2-GYOSYOS"
"972698","BCH","","false","481.97","","2891.82","R415ZY-2025-GPJKPJK-GRBARBA-GWD1WD1-GWN3WN3-GWW2WW2-GYOSYOS"
"972523","PCP","Solutions PCP 6.9% APR Representative and £750 Deposit Contribution","true","557","7208.25","","R415PT-2025-GPG4PG4-GPJKPJK-GRBARBA-GWD1WD1-GWN3WN3-GWW2WW2-GYOSYOS"
"972652","BCH","","false","554.08","","3324.48","R415PT-2025-GPG4PG4-GPJKPJK-GRBARBA-GWD1WD1-GWN3WN3-GWW2WW2-GYOSYOS"
"972867","PCP","Solutions PCP 6.9% APR Representative and £2,500 Deposit Contribution","true","534.96","7440","","R415YY-2025-GPJKPJK-GRBARBA-GWD1WD1-GWN3WN3-GWW2WW2-GYOSYOS"
"972698","BCH","","false","524.07","","3144.42","R415YY-2025-GPJKPJK-GRBARBA-GWD1WD1-GWN3WN3-GWW2WW2-GYOSYOS"
"972523","PCP","Solutions PCP 6.9% APR Representative and £750 Deposit Contribution","true","467.17","6423.75","","R415BM-2025-GPG4PG4-GPJKPJK-GRBARBA-GWD1WD1-GWN3WN3-GWW2WW2-GYOSYOS"
"972652","BCH","","false","457.71","","2746.26","R415BM-2025-GPG4PG4-GPJKPJK-GRBARBA-GWD1WD1-GWN3WN3-GWW2WW2-GYOSYOS"
"972523","PCP","Solutions PCP 6.9% APR Representative and £750 Deposit Contribution","true","459.36","5977.5","","R413BM-2025-GPG4PG4-GPJCPJC-GRBARBA-GWD1WD1-GWN3WN3-GYOSYOS"
"972652","BCH","","false","436.82","","2620.92","R413BM-2025-GPG4PG4-GPJCPJC-GRBARBA-GWD1WD1-GWN3WN3-GYOSYOS"
"972867","PCP","Solutions PCP 6.9% APR Representative and £2,500 Deposit Contribution","true","483.17","6585.75","","R413ZY-2025-GPJCPJC-GRBARBA-GWD1WD1-GWN3WN3-GYOSYOS"
"972698","BCH","","false","483.21","","2899.26","R413ZY-2025-GPJCPJC-GRBARBA-GWD1WD1-GWN3WN3-GYOSYOS"
"972523","PCP","Solutions PCP 6.9% APR Representative and £750 Deposit Contribution","true","477.8","6157.5","","R4134Z-2025-GPG4PG4-GPJCPJC-GRBARBA-GWD1WD1-GWN3WN3-GYOSYOS"
"972652","BCH","","false","471.14","","2826.84","R4134Z-2025-GPG4PG4-GPJCPJC-GRBARBA-GWD1WD1-GWN3WN3-GYOSYOS"
"972397","PCP","Solutions PCP 6.9% APR Representative and £1,250 Deposit Contribution","true","311.54","4047","","CS13BZ-2025-GPF2PF2-GPF3PF3-GPJAPJA-GWD1WD1-GWLAWLA-GYGDYGD-GYKMYKM-GYOSYOS-GZBPZBP"
"972652","BCH","","false","294.88","","1769.28","CS13BZ-2025-GPF2PF2-GPF3PF3-GPJAPJA-GWD1WD1-GWLAWLA-GYGDYGD-GYKMYKM-GYOSYOS-GZBPZBP"
"972397","PCP","Solutions PCP 6.9% APR Representative and £1,250 Deposit Contribution","true","286.31","3807.75","","CS13BX-2025-GPF2PF2-GPF3PF3-GPJAPJA-GWD1WD1-GWLAWLA-GYGDYGD-GYKMYKM-GYOSYOS-GZBPZBP"
"972652","BCH","","false","270.14","","1620.84","CS13BX-2025-GPF2PF2-GPF3PF3-GPJAPJA-GWD1WD1-GWLAWLA-GYGDYGD-GYKMYKM-GYOSYOS-GZBPZBP"
"972397","PCP","Solutions PCP 6.9% APR Representative and £1,250 Deposit Contribution","true","271.52","3682.5","","CS13AV-2025-GPF2PF2-GPF3PF3-GPJAPJA-GWD1WD1-GWLAWLA-GYGDYGD-GYKMYKM-GYOSYOS-GZBPZBP"
"972652","BCH","","false","254.73","","1528.38","CS13AV-2025-GPF2PF2-GPF3PF3-GPJAPJA-GWD1WD1-GWLAWLA-GYGDYGD-GYKMYKM-GYOSYOS-GZBPZBP"
"972397","PCP","Solutions PCP 6.9% APR Representative and £1,250 Deposit Contribution","true","364.74","4704.75","","CS15BZ-2025-GPDEPDE-GPDRPDR-GPF2PF2-GPF3PF3-GPSBPSB-GPXAPXA-GWD1WD1-GWLBWLB-GW65W65-GYGDYGD-GYKMYKM-GYOSYOS-GZBFZBF-MSIH4A3"
"972652","BCH","","false","345.18","","2071.08","CS15BZ-2025-GPDEPDE-GPDRPDR-GPF2PF2-GPF3PF3-GPSBPSB-GPXAPXA-GWD1WD1-GWLBWLB-GW65W65-GYGDYGD-GYKMYKM-GYOSYOS-GZBFZBF-MSIH4A3"
"972397","PCP","Solutions PCP 6.9% APR Representative and £1,250 Deposit Contribution","true","337.75","4465.5","","CS15BX-2025-GPDEPDE-GPDRPDR-GPF2PF2-GPF3PF3-GPSBPSB-GPXAPXA-GWD1WD1-GWLBWLB-GW65W65-GYGDYGD-GYKMYKM-GYOSYOS-GZBFZBF-MSIH4A3"
"972652","BCH","","false","318.4","","1910.4","CS15BX-2025-GPDEPDE-GPDRPDR-GPF2PF2-GPF3PF3-GPSBPSB-GPXAPXA-GWD1WD1-GWLBWLB-GW65W65-GYGDYGD-GYKMYKM-GYOSYOS-GZBFZBF-MSIH4A3"
"972397","PCP","Solutions PCP 6.9% APR Representative and £1,250 Deposit Contribution","true","387.9","4928.25","","CS15PZ-2025-GPDEPDE-GPDRPDR-GPF2PF2-GPF3PF3-GPSBPSB-GPXAPXA-GWD1WD1-GWLBWLB-GW65W65-GYGDYGD-GYKMYKM-GYOSYOS-GZBFZBF-MSIH4A3"
"972652","BCH","","false","368.58","","2211.48","CS15PZ-2025-GPDEPDE-GPDRPDR-GPF2PF2-GPF3PF3-GPSBPSB-GPXAPXA-GWD1WD1-GWLBWLB-GW65W65-GYGDYGD-GYKMYKM-GYOSYOS-GZBFZBF-MSIH4A3"
"972397","PCP","Solutions PCP 6.9% APR Representative and £1,250 Deposit Contribution","true","350.69","4488","","CS14BZ-2025-GPF2PF2-GPF3PF3-GWD1WD1-GWLBWLB-GYGDYGD-GYKMYKM-GYOSYOS-GZBFZBF"
"972652","BCH","","false","332.78","","1996.68","CS14BZ-2025-GPF2PF2-GPF3PF3-GWD1WD1-GWLBWLB-GYGDYGD-GYKMYKM-GYOSYOS-GZBFZBF"
"972397","PCP","Solutions PCP 6.9% APR Representative and £1,250 Deposit Contribution","true","385.47","4855.5","","CS15PZ-2025-GPDEPDE-GPF2PF2-GPF3PF3-GWD1WD1-GWLAWLA-GYGDYGD-GYKMYKM-GYOSYOS-GZBFZBF"
"972652","BCH","","false","367.21","","2203.26","CS15PZ-2025-GPDEPDE-GPF2PF2-GPF3PF3-GWD1WD1-GWLAWLA-GYGDYGD-GYKMYKM-GYOSYOS-GZBFZBF"
"972397","PCP","Solutions PCP 6.9% APR Representative and £1,250 Deposit Contribution","true","361.96","4631.25","","CS15BZ-2025-GPDEPDE-GPF2PF2-GPF3PF3-GWD1WD1-GWLAWLA-GYGDYGD-GYKMYKM-GYOSYOS-GZBFZBF"
"972652","BCH","","false","343.56","","2061.36","CS15BZ-2025-GPDEPDE-GPF2PF2-GPF3PF3-GWD1WD1-GWLAWLA-GYGDYGD-GYKMYKM-GYOSYOS-GZBFZBF"
"972397","PCP","Solutions PCP 6.9% APR Representative and £1,250 Deposit Contribution","true","268.54","3708.75","","CS13AV-2025-MKSUKA1-GPF2PF2-GPF3PF3-GPJJPJJ-GWD1WD1-GWLAWLA-GW02W02-GYGDYGD-GYKMYKM-GYOSYOS-GZBPZBP-MTKV4F2-MSSH4KF"
"972652","BCH","","false","250.63","","1503.78","CS13AV-2025-MKSUKA1-GPF2PF2-GPF3PF3-GPJJPJJ-GWD1WD1-GWLAWLA-GW02W02-GYGDYGD-GYKMYKM-GYOSYOS-GZBPZBP-MTKV4F2-MSSH4KF"
"972397","PCP","Solutions PCP 6.9% APR Representative and £1,250 Deposit Contribution","true","283.42","3834","","CS13BX-2025-MKSUKA1-GPF2PF2-GPF3PF3-GPJJPJJ-GWD1WD1-GWLAWLA-GW02W02-GYGDYGD-GYKMYKM-GYOSYOS-GZBPZBP-MTKV4F2-MSSH4KF"
"972652","BCH","","false","266.17","","1597.02","CS13BX-2025-MKSUKA1-GPF2PF2-GPF3PF3-GPJJPJJ-GWD1WD1-GWLAWLA-GW02W02-GYGDYGD-GYKMYKM-GYOSYOS-GZBPZBP-MTKV4F2-MSSH4KF"
"972397","PCP","Solutions PCP 6.9% APR Representative and £1,250 Deposit Contribution","true","309.26","4073.25","","CS13BZ-2025-MKSUKA1-GPF2PF2-GPF3PF3-GPJJPJJ-GWD1WD1-GWLAWLA-GW02W02-GYGDYGD-GYKMYKM-GYOSYOS-GZBPZBP-MTKV4F2-MSSH4KF"
"972652","BCH","","false","291.61","","1749.72","CS13BZ-2025-MKSUKA1-GPF2PF2-GPF3PF3-GPJJPJJ-GWD1WD1-GWLAWLA-GW02W02-GYGDYGD-GYKMYKM-GYOSYOS-GZBPZBP-MTKV4F2-MSSH4KF"
"972555","PCP","Solutions PCP 6.9% APR Representative","true","570.09","6120.75","","5T14CZ-2025-GPDAPDA-GPF6PF6-GPGAPGA-GPJBPJB-GPSNPSN-GRBDRBD-GWD3WD3-GYOSYOS-MAUD9WJ"
"972652","BCH","","false","523.51","","3141.06","5T14CZ-2025-GPDAPDA-GPF6PF6-GPGAPGA-GPJBPJB-GPSNPSN-GRBDRBD-GWD3WD3-GYOSYOS-MAUD9WJ"
"972555","PCP","Solutions PCP 6.9% APR Representative","true","557.04","5994","","5T13CX-2025-MKSUKA1-GPE7PE7-GPF5PF5-GPGAPGA-GPI4PI4-GPSNPSN-GRBDRBD-GWD3WD3-GWLMWLM-GWWEWWE-GWYGWYG-GW21W21-GYOSYOS-MDAR3S1"
"972652","BCH","","false","511.82","","3070.92","5T13CX-2025-MKSUKA1-GPE7PE7-GPF5PF5-GPGAPGA-GPI4PI4-GPSNPSN-GRBDRBD-GWD3WD3-GWLMWLM-GWWEWWE-GWYGWYG-GW21W21-GYOSYOS-MDAR3S1"
"972555","PCP","Solutions PCP 6.9% APR Representative","true","573.32","6189","","5T13CZ-2025-MKSUKA1-GPE7PE7-GPF6PF6-GPGAPGA-GPI4PI4-GPSNPSN-GRBDRBD-GWD3WD3-GWLMWLM-GWWEWWE-GWYGWYG-GW21W21-GYOSYOS-MDAR3S1"
"972652","BCH","","false","525.26","","3151.56","5T13CZ-2025-MKSUKA1-GPE7PE7-GPF6PF6-GPGAPGA-GPI4PI4-GPSNPSN-GRBDRBD-GWD3WD3-GWLMWLM-GWWEWWE-GWYGWYG-GW21W21-GYOSYOS-MDAR3S1"
"972555","PCP","Solutions PCP 6.9% APR Representative","true","594.1","6342.75","","5T14CZ-2025-GPDAPDA-GPF6PF6-GPGAPGA-GPI3PI3-GPSNPSN-GRBDRBD-GWD3WD3-GW08W08-GYOSYOS-MAUD9WJ"
"972652","BCH","","false","548.36","","3290.16","5T14CZ-2025-GPDAPDA-GPF6PF6-GPGAPGA-GPI3PI3-GPSNPSN-GRBDRBD-GWD3WD3-GW08W08-GYOSYOS-MAUD9WJ"
"972477","PCP","Solutions PCP 6.9% APR Representative and £2,500 Deposit Contribution","true","408.26","5390.25","","DB556Z-2025-GPG4PG4-GPLAPLA-GRDARDA-GYOSYOS"
"972652","BCH","","false","366.07","","2196.42","DB556Z-2025-GPG4PG4-GPLAPLA-GRDARDA-GYOSYOS"
"972477","PCP","Solutions PCP 6.9% APR Representative and £2,500 Deposit Contribution","true","361","4880.25","","DB55EX-2025-GPG4PG4-GPLAPLA-GRDARDA-GYOSYOS"
"972652","BCH","","false","315.73","","1894.38","DB55EX-2025-GPG4PG4-GPLAPLA-GRDARDA-GYOSYOS"
"972553","PCP","Solutions PCP 6.9% APR Representative and £1,500 Deposit Contribution","true","409.11","5118.75","","DB55EM-2025-GPG4PG4-GPLAPLA-GRDARDA-GYOSYOS"
"972652","BCH","","false","338.29","","2029.74","DB55EM-2025-GPG4PG4-GPLAPLA-GRDARDA-GYOSYOS"
"972477","PCP","Solutions PCP 6.9% APR Representative and £2,500 Deposit Contribution","true","502.01","6895.5","","DB5RPT-2025-GPF2PF2-GPG4PG4-GPK2PK2-GPXDPXD-GRDARDA-GWW1WW1-GYOSYOS"
"972652","BCH","","false","463.57","","2781.42","DB5RPT-2025-GPF2PF2-GPG4PG4-GPK2PK2-GPXDPXD-GRDARDA-GWW1WW1-GYOSYOS"
"972553","PCP","Solutions PCP 6.9% APR Representative and £1,500 Deposit Contribution","true","390.6","4787.25","","DB53EM-2025-GPG4PG4-GPLAPLA-GRDARDA-GYOSYOS"
"972652","BCH","","false","323.78","","1942.68","DB53EM-2025-GPG4PG4-GPLAPLA-GRDARDA-GYOSYOS"
"972553","PCP","Solutions PCP 6.9% APR Representative and £1,500 Deposit Contribution","true","378.02","4617.75","","DB53BM-2025-GPG4PG4-GPLAPLA-GRDARDA-GYOSYOS"
"972652","BCH","","false","312.98","","1877.88","DB53BM-2025-GPG4PG4-GPLAPLA-GRDARDA-GYOSYOS"
"972477","PCP","Solutions PCP 6.9% APR Representative and £2,500 Deposit Contribution","true","329.6","4379.25","","DB53BX-2025-GPG4PG4-GPLAPLA-GPU2PU2-GRDARDA-GYOSYOS"
"972652","BCH","","false","290.43","","1742.58","DB53BX-2025-GPG4PG4-GPLAPLA-GPU2PU2-GRDARDA-GYOSYOS"
"972477","PCP","Solutions PCP 6.9% APR Representative and £2,500 Deposit Contribution","true","353.28","4648.5","","DB532X-2025-GPG4PG4-GPLAPLA-GPU2PU2-GRDARDA-GYOSYOS"
"972652","BCH","","false","317.35","","1904.1","DB532X-2025-GPG4PG4-GPLAPLA-GPU2PU2-GRDARDA-GYOSYOS"
"972477","PCP","Solutions PCP 6.9% APR Representative and £2,500 Deposit Contribution","true","342.13","4548.75","","DB53EX-2025-GPG4PG4-GPLAPLA-GPU2PU2-GRDARDA-GYOSYOS"
"972652","BCH","","false","301.23","","1807.38","DB53EX-2025-GPG4PG4-GPLAPLA-GPU2PU2-GRDARDA-GYOSYOS"
"972477","PCP","Solutions PCP 6.9% APR Representative and £2,500 Deposit Contribution","true","359.11","4799.25","","DB54EX-2025-GPF1PF1-GPG4PG4-GPLDPLD-GRDARDA-GYOSYOS"
"972652","BCH","","false","315.19","","1891.14","DB54EX-2025-GPF1PF1-GPG4PG4-GPLDPLD-GRDARDA-GYOSYOS"
"972553","PCP","Solutions PCP 6.9% APR Representative and £1,500 Deposit Contribution","true","407.24","5037.75","","DB54EM-2025-GPF2PF2-GPG4PG4-GPLDPLD-GRDARDA-GYOSYOS"
"972652","BCH","","false","337.74","","2026.44","DB54EM-2025-GPF2PF2-GPG4PG4-GPLDPLD-GRDARDA-GYOSYOS"
"972477","PCP","Solutions PCP 6.9% APR Representative and £2,500 Deposit Contribution","true","406.07","5308.5","","DB546Z-2025-GPF2PF2-GPG4PG4-GPLDPLD-GRDARDA-GYOSYOS"
"972652","BCH","","false","365.42","","2192.52","DB546Z-2025-GPF2PF2-GPG4PG4-GPLDPLD-GRDARDA-GYOSYOS"
"972554","PCP","Solutions PCP 6.9% APR Representative and £5,000 Deposit Contribution","true","488.17","6650.25","","CJ53YY-2025-GPE4PE4-GPJBPJB-GRBTRBT-GW15W15-GYOSYOS"
"972698","BCH","","false","433.78","","2602.68","CJ53YY-2025-GPE4PE4-GPJBPJB-GRBTRBT-GW15W15-GYOSYOS"
"972838","PCP","Solutions PCP 6.9% APR Representative and £4,000 Deposit Contribution","true","440.24","5941.5","","CJ53DZ-2025-GPE4PE4-GPJBPJB-GRBTRBT-GW15W15-GYOSYOS"
"972652","BCH","","false","406.82","","2440.92","CJ53DZ-2025-GPE4PE4-GPJBPJB-GRBTRBT-GW15W15-GYOSYOS"
"972554","PCP","Solutions PCP 6.9% APR Representative and £5,000 Deposit Contribution","true","587.81","7680","","CJ55XY-2025-GW15W15-GW16W16-GYKMYKM-GYOSYOS"
"972698","BCH","","false","501.84","","3011.04","CJ55XY-2025-GW15W15-GW16W16-GYKMYKM-GYOSYOS"
"972554","PCP","Solutions PCP 6.9% APR Representative and £5,000 Deposit Contribution","true","550.92","7302","","CJ55YY-2025-GW15W15-GW16W16-GYKMYKM-GYOSYOS"
"972698","BCH","","false","477.04","","2862.24","CJ55YY-2025-GW15W15-GW16W16-GYKMYKM-GYOSYOS"
"972838","PCP","Solutions PCP 6.9% APR Representative and £4,000 Deposit Contribution","true","502.48","6593.25","","CJ55DZ-2025-GPDDPDD-GW15W15-GW16W16-GYKMYKM-GYOSYOS"
"972652","BCH","","false","483.76","","2902.56","CJ55DZ-2025-GPDDPDD-GW15W15-GW16W16-GYKMYKM-GYOSYOS"
"972838","PCP","Solutions PCP 6.9% APR Representative and £4,000 Deposit Contribution","true","556.29","7055.25","","CJ55MZ-2025-GPDDPDD-GW15W15-GW16W16-GYKMYKM-GYOSYOS"
"972652","BCH","","false","538.66","","3231.96","CJ55MZ-2025-GPDDPDD-GW15W15-GW16W16-GYKMYKM-GYOSYOS"
"972554","PCP","Solutions PCP 6.9% APR Representative and £5,000 Deposit Contribution","true","530.46","7114.5","","CJ54YY-2025-GPGWPGW-GW15W15-GYKMYKM-GYOSYOS-MDEI3FU"
"972698","BCH","","false","461.78","","2770.68","CJ54YY-2025-GPGWPGW-GW15W15-GYKMYKM-GYOSYOS-MDEI3FU"
"972838","PCP","Solutions PCP 6.9% APR Representative and £4,000 Deposit Contribution","true","482.13","6405.75","","CJ54DZ-2025-GPGWPGW-GW15W15-GYKMYKM-GYOSYOS-MDEI3FU"
"972652","BCH","","false","464.58","","2787.48","CJ54DZ-2025-GPGWPGW-GW15W15-GYKMYKM-GYOSYOS-MDEI3FU"
"972554","PCP","Solutions PCP 6.9% APR Representative and £5,000 Deposit Contribution","true","571.5","7522.5","","CJ54XY-2025-GPGWPGW-GW15W15-GYKMYKM-GYOSYOS-MDEI3FU"
"972698","BCH","","false","490.85","","2945.1","CJ54XY-2025-GPGWPGW-GW15W15-GYKMYKM-GYOSYOS-MDEI3FU"
"972478","PCP","Solutions PCP 6.9% APR Representative and £2,000 Deposit Contribution","true","513.09","6768","","BJ250Z-2024-GPDAPDA-GPFCPFC-GPG4PG4-GPJTPJT-GPSFPSF-GRBDRBD-GWN3WN3-GWW1WW1-GYOSYOS-MVTV9IJ"
"972652","BCH","","false","487.74","","2926.44","BJ250Z-2024-GPDAPDA-GPFCPFC-GPG4PG4-GPJTPJT-GPSFPSF-GRBDRBD-GWN3WN3-GWW1WW1-GYOSYOS-MVTV9IJ"
"972478","PCP","Solutions PCP 6.9% APR Representative and £2,000 Deposit Contribution","true","575.95","7332.75","","BJ256T-2024-GPFCPFC-GPG4PG4-GPJTPJT-GPSFPSF-GRBDRBD-GWN3WN3-GWW1WW1-GYOSYOS-MVTV9IJ"
"972652","BCH","","false","551.74","","3310.44","BJ256T-2024-GPFCPFC-GPG4PG4-GPJTPJT-GPSFPSF-GRBDRBD-GWN3WN3-GWW1WW1-GYOSYOS-MVTV9IJ"
"972478","PCP","Solutions PCP 6.9% APR Representative and £2,000 Deposit Contribution","true","480.17","6386.25","","BJ25CZ-2024-GPDAPDA-GPFCPFC-GPG4PG4-GPJTPJT-GPSFPSF-GRBDRBD-GWN3WN3-GWW1WW1-GYOSYOS-MVTV9IJ"
"972652","BCH","","false","458.05","","2748.3","BJ25CZ-2024-GPDAPDA-GPFCPFC-GPG4PG4-GPJTPJT-GPSFPSF-GRBDRBD-GWN3WN3-GWW1WW1-GYOSYOS-MVTV9IJ"
"972478","PCP","Solutions PCP 6.9% APR Representative and £2,000 Deposit Contribution","true","593.05","7411.5","","BJ25YT-2024-GPFCPFC-GPG4PG4-GPJTPJT-GRBDRBD-GWDDWDD-GWN3WN3-GWW1WW1-GYOSYOS-MVTV9IJ"
"972652","BCH","","false","575.2","","3451.2","BJ25YT-2024-GPFCPFC-GPG4PG4-GPJTPJT-GRBDRBD-GWDDWDD-GWN3WN3-GWW1WW1-GYOSYOS-MVTV9IJ"
"972478","PCP","Solutions PCP 6.9% APR Representative and £2,000 Deposit Contribution","true","538.77","6927","","BJ25UT-2024-GPFCPFC-GPG4PG4-GPJTPJT-GPSFPSF-GRBDRBD-GWN3WN3-GWW1WW1-GYOSYOS-MVTV9IJ"
"972652","BCH","","false","517.65","","3105.9","BJ25UT-2024-GPFCPFC-GPG4PG4-GPJTPJT-GPSFPSF-GRBDRBD-GWN3WN3-GWW1WW1-GYOSYOS-MVTV9IJ"
"972478","PCP","Solutions PCP 6.9% APR Representative and £2,000 Deposit Contribution","true","543.57","6849.75","","BJ24UT-2024-GPE4PE4-GPFAPFA-GPG4PG4-GPJGPJG-GPS2PS2-GPXCPXC-GRBDRBD-GWN3WN3-GWW1WW1-GYOSYOS-MLRA2FT-MVTV9IJ"
"972652","BCH","","false","524.83","","3148.98","BJ24UT-2024-GPE4PE4-GPFAPFA-GPG4PG4-GPJGPJG-GPS2PS2-GPXCPXC-GRBDRBD-GWN3WN3-GWW1WW1-GYOSYOS-MLRA2FT-MVTV9IJ"
"972478","PCP","Solutions PCP 6.9% APR Representative and £2,000 Deposit Contribution","true","484.97","6309","","BJ24CZ-2024-GPDAPDA-GPE4PE4-GPFAPFA-GPG4PG4-GPJGPJG-GPS2PS2-GPXCPXC-GRBDRBD-GWN3WN3-GWW1WW1-GYOSYOS-MLRA2FT-MVTV9IJ"
"972652","BCH","","false","465.24","","2791.44","BJ24CZ-2024-GPDAPDA-GPE4PE4-GPFAPFA-GPG4PG4-GPJGPJG-GPS2PS2-GPXCPXC-GRBDRBD-GWN3WN3-GWW1WW1-GYOSYOS-MLRA2FT-MVTV9IJ"
"972478","PCP","Solutions PCP 6.9% APR Representative and £2,000 Deposit Contribution","true","517.93","6690.75","","BJ240Z-2024-GPDAPDA-GPE4PE4-GPFAPFA-GPG4PG4-GPJGPJG-GPS2PS2-GPXCPXC-GRBDRBD-GWN3WN3-GWW1WW1-GYOSYOS-MLRA2FT-MVTV9IJ"
"972652","BCH","","false","495.75","","2974.5","BJ240Z-2024-GPDAPDA-GPE4PE4-GPFAPFA-GPG4PG4-GPJGPJG-GPS2PS2-GPXCPXC-GRBDRBD-GWN3WN3-GWW1WW1-GYOSYOS-MLRA2FT-MVTV9IJ"
"972478","PCP","Solutions PCP 6.9% APR Representative and £2,000 Deposit Contribution","true","476.99","6168.75","","BJ230Z-2024-GPG4PG4-GPJQPJQ-GRBDRBD-GWN3WN3-GYOSYOS-MVTV9IJ-MAUD9WJ"
"972652","BCH","","false","458.78","","2752.68","BJ230Z-2024-GPG4PG4-GPJQPJQ-GRBDRBD-GWN3WN3-GYOSYOS-MVTV9IJ-MAUD9WJ"
"972478","PCP","Solutions PCP 6.9% APR Representative and £2,000 Deposit Contribution","true","444.18","5787","","BJ23CZ-2024-GPG4PG4-GPJQPJQ-GRBDRBD-GWN3WN3-GYOSYOS-MVTV9IJ-MAUD9WJ"
"972652","BCH","","false","408.84","","2453.04","BJ23CZ-2024-GPG4PG4-GPJQPJQ-GRBDRBD-GWN3WN3-GYOSYOS-MVTV9IJ-MAUD9WJ"
"972478","PCP","Solutions PCP 6.9% APR Representative and £2,000 Deposit Contribution","true","426.28","5543.25","","BJ23CX-2024-GPG4PG4-GPJQPJQ-GRBDRBD-GWN2WN2-GYOSYOS-MVTV9IJ-MAUD9WJ"
"972652","BCH","","false","393.19","","2359.14","BJ23CX-2024-GPG4PG4-GPJQPJQ-GRBDRBD-GWN2WN2-GYOSYOS-MVTV9IJ-MAUD9WJ"
"972776","PCP","Solutions PCP 6.9% APR Representative and £1,250 Deposit Contribution","true","394.17","4889.25","","D315PZ-2025-GPDEPDE-GPF3PF3-GPLAPLA-GPSHPSH-GWD1WD1-GYKMYKM-GYOSYOS-GZBDZBD"
"972652","BCH","","false","369.27","","2215.62","D315PZ-2025-GPDEPDE-GPF3PF3-GPLAPLA-GPSHPSH-GWD1WD1-GYKMYKM-GYOSYOS-GZBDZBD"
"972776","PCP","Solutions PCP 6.9% APR Representative and £1,250 Deposit Contribution","true","370.64","4664.25","","D315BZ-2025-GPDEPDE-GPF3PF3-GPLAPLA-GPSHPSH-GWD1WD1-GYKMYKM-GYOSYOS-GZBDZBD"
"972652","BCH","","false","346.01","","2076.06","D315BZ-2025-GPDEPDE-GPF3PF3-GPLAPLA-GPSHPSH-GWD1WD1-GYKMYKM-GYOSYOS-GZBDZBD"
"972776","PCP","Solutions PCP 6.9% APR Representative and £1,250 Deposit Contribution","true","344.33","4422.75","","D315BX-2025-GPDEPDE-GPF3PF3-GPLAPLA-GPSHPSH-GWD1WD1-GYKMYKM-GYOSYOS-GZBDZBD"
"972652","BCH","","false","318.92","","1913.52","D315BX-2025-GPDEPDE-GPF3PF3-GPLAPLA-GPSHPSH-GWD1WD1-GYKMYKM-GYOSYOS-GZBDZBD"
"972776","PCP","Solutions PCP 6.9% APR Representative and £1,250 Deposit Contribution","true","347.63","4497.75","","D315BX-2025-GPDEPDE-GPF3PF3-GPLCPLC-GPSBPSB-GPSHPSH-GPXAPXA-GWD1WD1-GW51W51-GYKMYKM-GYOSYOS-GZBDZBD"
"972652","BCH","","false","321.27","","1927.62","D315BX-2025-GPDEPDE-GPF3PF3-GPLCPLC-GPSBPSB-GPSHPSH-GPXAPXA-GWD1WD1-GW51W51-GYKMYKM-GYOSYOS-GZBDZBD"
"972776","PCP","Solutions PCP 6.9% APR Representative and £1,250 Deposit Contribution","true","373.61","4739.25","","D315BZ-2025-GPDEPDE-GPF3PF3-GPLCPLC-GPSBPSB-GPSHPSH-GPXAPXA-GWD1WD1-GW51W51-GYKMYKM-GYOSYOS-GZBDZBD"
"972652","BCH","","false","348.02","","2088.12","D315BZ-2025-GPDEPDE-GPF3PF3-GPLCPLC-GPSBPSB-GPSHPSH-GPXAPXA-GWD1WD1-GW51W51-GYKMYKM-GYOSYOS-GZBDZBD"
"972776","PCP","Solutions PCP 6.9% APR Representative and £1,250 Deposit Contribution","true","398.26","4964.25","","D315PZ-2025-GPDEPDE-GPF3PF3-GPLCPLC-GPSBPSB-GPSHPSH-GPXAPXA-GWD1WD1-GW51W51-GYKMYKM-GYOSYOS-GZBDZBD"
"972652","BCH","","false","372.65","","2235.9","D315PZ-2025-GPDEPDE-GPF3PF3-GPLCPLC-GPSBPSB-GPSHPSH-GPXAPXA-GWD1WD1-GW51W51-GYKMYKM-GYOSYOS-GZBDZBD"
"972776","PCP","Solutions PCP 6.9% APR Representative and £1,250 Deposit Contribution","true","384.21","4749","","D314PZ-2025-GPF3PF3-GPLCPLC-GWD1WD1-GYKMYKM-GYOSYOS-GZBDZBD"
"972652","BCH","","false","360.31","","2161.86","D314PZ-2025-GPF3PF3-GPLCPLC-GWD1WD1-GYKMYKM-GYOSYOS-GZBDZBD"
"972776","PCP","Solutions PCP 6.9% APR Representative and £1,250 Deposit Contribution","true","361.2","4531.5","","D314BZ-2025-GPF3PF3-GPLCPLC-GWD1WD1-GYKMYKM-GYOSYOS-GZBDZBD"
"972652","BCH","","false","337.44","","2024.64","D314BZ-2025-GPF3PF3-GPLCPLC-GWD1WD1-GYKMYKM-GYOSYOS-GZBDZBD"
"972776","PCP","Solutions PCP 6.9% APR Representative and £1,250 Deposit Contribution","true","333.92","4282.5","","D314BX-2025-GPF3PF3-GPLCPLC-GWD1WD1-GYKMYKM-GYOSYOS-GZBDZBD"
"972652","BCH","","false","309.36","","1856.16","D314BX-2025-GPF3PF3-GPLCPLC-GWD1WD1-GYKMYKM-GYOSYOS-GZBDZBD"
"972776","PCP","Solutions PCP 6.9% APR Representative and £1,250 Deposit Contribution","true","317.36","4136.25","","D313BZ-2025-MKSUKA1-GPF3PF3-GPJ3PJ3-GPLAPLA-GWD1WD1-GW08W08-GYKMYKM-GYOSYOS-GZBBZBB-MTKV4F2-MSSH4KF"
"972652","BCH","","false","259","","1554","D313BZ-2025-MKSUKA1-GPF3PF3-GPJ3PJ3-GPLAPLA-GWD1WD1-GW08W08-GYKMYKM-GYOSYOS-GZBBZBB-MTKV4F2-MSSH4KF"
"972776","PCP","Solutions PCP 6.9% APR Representative and £1,250 Deposit Contribution","true","277.42","3760.5","","D313AV-2025-MKSUKA1-GPF3PF3-GPJ3PJ3-GPLAPLA-GWD1WD1-GW08W08-GYKMYKM-GYOSYOS-GZBBZBB-MTKV4F2-MSSH4KF"
"972652","BCH","","false","229","","1374","D313AV-2025-MKSUKA1-GPF3PF3-GPJ3PJ3-GPLAPLA-GWD1WD1-GW08W08-GYKMYKM-GYOSYOS-GZBBZBB-MTKV4F2-MSSH4KF"
"972776","PCP","Solutions PCP 6.9% APR Representative and £1,250 Deposit Contribution","true","290.92","3887.25","","D313BX-2025-MKSUKA1-GPF3PF3-GPJ3PJ3-GPLAPLA-GWD1WD1-GW08W08-GYKMYKM-GYOSYOS-GZBBZBB-MTKV4F2-MSSH4KF"
"972652","BCH","","false","266.49","","1598.94","D313BX-2025-MKSUKA1-GPF3PF3-GPJ3PJ3-GPLAPLA-GWD1WD1-GW08W08-GYKMYKM-GYOSYOS-GZBBZBB-MTKV4F2-MSSH4KF"
"972776","PCP","Solutions PCP 6.9% APR Representative and £1,250 Deposit Contribution","true","293.9","3861","","D313BX-2025-GPF3PF3-GPLAPLA-GWD1WD1-GYKMYKM-GYOSYOS-GZBBZBB"
"972652","BCH","","false","270.59","","1623.54","D313BX-2025-GPF3PF3-GPLAPLA-GWD1WD1-GYKMYKM-GYOSYOS-GZBBZBB"
"972776","PCP","Solutions PCP 6.9% APR Representative and £1,250 Deposit Contribution","true","279.72","3734.25","","D313AV-2025-GPF3PF3-GPLAPLA-GWD1WD1-GYKMYKM-GYOSYOS-GZBBZBB"
"972652","BCH","","false","254.94","","1529.64","D313AV-2025-GPF3PF3-GPLAPLA-GWD1WD1-GYKMYKM-GYOSYOS-GZBBZBB"
"972776","PCP","Solutions PCP 6.9% APR Representative and £1,250 Deposit Contribution","true","319.15","4102.5","","D313BZ-2025-GPF3PF3-GPLAPLA-GWD1WD1-GYKMYKM-GYOSYOS-GZBBZBB"
"972652","BCH","","false","296.26","","1777.56","D313BZ-2025-GPF3PF3-GPLAPLA-GWD1WD1-GYKMYKM-GYOSYOS-GZBBZBB"
"972620","PCP","Solutions PCP 6.9% APR Representative and £2,250 Deposit Contribution","true","350.49","4879.5","","D113LE-2025-MKSUKA1-GPJCPJC-GRBPRBP-GWD1WD1-GWFGWFG-GW61W61-GYOSYOS-MBOW1S1-MTKV4F2-MSSH4KF-MLOR7P4"
"972652","BCH","","false","344.88","","2069.28","D113LE-2025-MKSUKA1-GPJCPJC-GRBPRBP-GWD1WD1-GWFGWFG-GW61W61-GYOSYOS-MBOW1S1-MTKV4F2-MSSH4KF-MLOR7P4"
"972620","PCP","Solutions PCP 6.9% APR Representative and £2,250 Deposit Contribution","true","312.66","4383","","D113AX-2025-MKSUKA1-GPJCPJC-GRBPRBP-GWD1WD1-GWFFWFF-GW61W61-GYOSYOS-MBOW1S1-MTKV4F2-MSSH4KF-MLOR7P4"
"972652","BCH","","false","309.23","","1855.38","D113AX-2025-MKSUKA1-GPJCPJC-GRBPRBP-GWD1WD1-GWFFWFF-GW61W61-GYOSYOS-MBOW1S1-MTKV4F2-MSSH4KF-MLOR7P4"
"972620","PCP","Solutions PCP 6.9% APR Representative and £2,250 Deposit Contribution","true","331.22","4618.5","","D113LD-2025-MKSUKA1-GPJCPJC-GRBPRBP-GWD1WD1-GWFFWFF-GW61W61-GYOSYOS-MBOW1S1-MTKV4F2-MSSH4KF-MLOR7P4"
"972652","BCH","","false","326.62","","1959.72","D113LD-2025-MKSUKA1-GPJCPJC-GRBPRBP-GWD1WD1-GWFFWFF-GW61W61-GYOSYOS-MBOW1S1-MTKV4F2-MSSH4KF-MLOR7P4"
"972620","PCP","Solutions PCP 6.9% APR Representative and £2,250 Deposit Contribution","true","315.17","4356.75","","D113AX-2025-GRBPRBP-GWD1WD1-GWFFWFF-GYOSYOS-MBOW1S1-MLOR7P4"
"972652","BCH","","false","312.56","","1875.36","D113AX-2025-GRBPRBP-GWD1WD1-GWFFWFF-GYOSYOS-MBOW1S1-MLOR7P4"
"972620","PCP","Solutions PCP 6.9% APR Representative and £2,250 Deposit Contribution","true","353.26","4853.25","","D113LE-2025-GRBPRBP-GWD1WD1-GWFGWFG-GYOSYOS-MBOW1S1-MLOR7P4"
"972652","BCH","","false","348.64","","2091.84","D113LE-2025-GRBPRBP-GWD1WD1-GWFGWFG-GYOSYOS-MBOW1S1-MLOR7P4"
"972620","PCP","Solutions PCP 6.9% APR Representative and £2,250 Deposit Contribution","true","333.3","4592.25","","D113LD-2025-GRBPRBP-GWD1WD1-GWFFWFF-GYOSYOS-MBOW1S1-MLOR7P4"
"972652","BCH","","false","329.47","","1976.82","D113LD-2025-GRBPRBP-GWD1WD1-GWFFWFF-GYOSYOS-MBOW1S1-MLOR7P4"
"972620","PCP","Solutions PCP 6.9% APR Representative and £2,250 Deposit Contribution","true","475.43","6561","","D11RYT-2025-GRBFRBF-GWD1WD1-GWFFWFF-GYOSYOS-MBOW1S1-MTKV4F2"
"972652","BCH","","false","490.59","","2943.54","D11RYT-2025-GRBFRBF-GWD1WD1-GWFFWFF-GYOSYOS-MBOW1S1-MTKV4F2"
"972620","PCP","Solutions PCP 6.9% APR Representative and £2,250 Deposit Contribution","true","379.67","5286.75","","D115LD-2025-GPDSPDS-GRBFRBF-GWD1WD1-GWFFWFF-GWW3WW3-GYOSYOS-MBOW1S1"
"972652","BCH","","false","371.97","","2231.82","D115LD-2025-GPDSPDS-GRBFRBF-GWD1WD1-GWFFWFF-GWW3WW3-GYOSYOS-MBOW1S1"
"972620","PCP","Solutions PCP 6.9% APR Representative and £2,250 Deposit Contribution","true","463.49","5957.25","","D1156Z-2025-GPDSPDS-GRBFRBF-GWD1WD1-GWFFWFF-GWW3WW3-GYOSYOS-MBOW1S1"
"972652","BCH","","false","458.69","","2752.14","D1156Z-2025-GPDSPDS-GRBFRBF-GWD1WD1-GWFFWFF-GWW3WW3-GYOSYOS-MBOW1S1"
"972620","PCP","Solutions PCP 6.9% APR Representative and £2,250 Deposit Contribution","true","445.19","6036.75","","D115ST-2025-GPDSPDS-GRBFRBF-GWD1WD1-GWFFWFF-GWW3WW3-GYOSYOS-MBOW1S1"
"972652","BCH","","false","458.29","","2749.74","D115ST-2025-GPDSPDS-GRBFRBF-GWD1WD1-GWFFWFF-GWW3WW3-GYOSYOS-MBOW1S1"
"972620","PCP","Solutions PCP 6.9% APR Representative and £2,250 Deposit Contribution","true","400.43","5547.75","","D115LE-2025-GPDSPDS-GRBFRBF-GWD1WD1-GWFFWFF-GWW3WW3-GYOSYOS-MBOW1S1"
"972652","BCH","","false","391.53","","2349.18","D115LE-2025-GPDSPDS-GRBFRBF-GWD1WD1-GWFFWFF-GWW3WW3-GYOSYOS-MBOW1S1"
"972620","PCP","Solutions PCP 6.9% APR Representative and £2,250 Deposit Contribution","true","390.5","5294.25","","D114LE-2025-GRBFRBF-GWD1WD1-GWFGWFG-GYOSYOS-MBOW1S1"
"972652","BCH","","false","384.19","","2305.14","D114LE-2025-GRBFRBF-GWD1WD1-GWFGWFG-GYOSYOS-MBOW1S1"
"972620","PCP","Solutions PCP 6.9% APR Representative and £2,250 Deposit Contribution","true","352.6","4797.75","","D114AX-2025-GRBFRBF-GWD1WD1-GWFFWFF-GYOSYOS-MBOW1S1"
"972652","BCH","","false","348.93","","2093.58","D114AX-2025-GRBFRBF-GWD1WD1-GWFFWFF-GYOSYOS-MBOW1S1"
"972620","PCP","Solutions PCP 6.9% APR Representative and £2,250 Deposit Contribution","true","370.09","5033.25","","D114LD-2025-GRBFRBF-GWD1WD1-GWFFWFF-GYOSYOS-MBOW1S1"
"972652","BCH","","false","365.04","","2190.18","D114LD-2025-GRBFRBF-GWD1WD1-GWFFWFF-GYOSYOS-MBOW1S1"
"972620","PCP","Solutions PCP 6.9% APR Representative and £2,250 Deposit Contribution","true","409.85","5697.75","","D115LE-2025-GPDSPDS-GPXCPXC-GRBFRBF-GWBTWBT-GWD1WD1-GWFFWFF-GWW3WW3-GW73W73-GYOSYOS-MBOW1S1"
"972652","BCH","","false","400.02","","2400.12","D115LE-2025-GPDSPDS-GPXCPXC-GRBFRBF-GWBTWBT-GWD1WD1-GWFFWFF-GWW3WW3-GW73W73-GYOSYOS-MBOW1S1"
"972620","PCP","Solutions PCP 6.9% APR Representative and £2,250 Deposit Contribution","true","389.09","5436.75","","D115LD-2025-GPDSPDS-GPXCPXC-GRBFRBF-GWBTWBT-GWD1WD1-GWFFWFF-GWW3WW3-GW73W73-GYOSYOS-MBOW1S1"
"972652","BCH","","false","380.47","","2282.82","D115LD-2025-GPDSPDS-GPXCPXC-GRBFRBF-GWBTWBT-GWD1WD1-GWFFWFF-GWW3WW3-GW73W73-GYOSYOS-MBOW1S1"
"972620","PCP","Solutions PCP 6.9% APR Representative and £2,250 Deposit Contribution","true","487.34","6748.5","","D11RYT-2025-MKSUKA1-GPE2PE2-GPJKPJK-GRBFRBF-GWBSWBS-GWFFWFF-GWW3WW3-GW81W81-GYOSYOS-MBOW1S1-MDEI3FU"
"972652","BCH","","false","501.37","","3008.22","D11RYT-2025-MKSUKA1-GPE2PE2-GPJKPJK-GRBFRBF-GWBSWBS-GWFFWFF-GWW3WW3-GW81W81-GYOSYOS-MBOW1S1-MDEI3FU"
"972621","PCP","Solutions PCP 6.9% APR Representative and £1,000 Deposit Contribution","true","463.55","5842.5","","CT134Z-2025-GPJNPJN-GRBFRBF-GWN3WN3-GYOSYOS"
"972652","BCH","","false","395.3","","2371.8","CT134Z-2025-GPJNPJN-GRBFRBF-GWN3WN3-GYOSYOS"
"972621","PCP","Solutions PCP 6.9% APR Representative and £1,000 Deposit Contribution","true","445.82","5662.5","","CT13BM-2025-GPJNPJN-GRBFRBF-GWN3WN3-GYOSYOS"
"972652","BCH","","false","381.55","","2289.3","CT13BM-2025-GPJNPJN-GRBFRBF-GWN3WN3-GYOSYOS"
"972621","PCP","Solutions PCP 6.9% APR Representative and £1,000 Deposit Contribution","true","440.21","5542.5","","CT13AM-2025-GPJNPJN-GRBFRBF-GWN3WN3-GYOSYOS"
"972652","BCH","","false","377.69","","2266.14","CT13AM-2025-GPJNPJN-GRBFRBF-GWN3WN3-GYOSYOS"
"972398","PCP","Solutions PCP 6.9% APR Representative and £2,000 Deposit Contribution","true","493.41","6383.25","","CT13ZY-2025-GPJNPJN-GRBFRBF-GWN3WN3-GYOSYOS"
"972698","BCH","","false","462.89","","2777.34","CT13ZY-2025-GPJNPJN-GRBFRBF-GWN3WN3-GYOSYOS"
"972621","PCP","Solutions PCP 6.9% APR Representative and £1,000 Deposit Contribution","true","545.97","6990.75","","CT15PT-2025-GPFBPFB-GPLCPLC-GRBFRBF-GWN3WN3-GWW4WW4-GW87W87-GW89W89-GYOSYOS"
"972652","BCH","","false","496.74","","2980.44","CT15PT-2025-GPFBPFB-GPLCPLC-GRBFRBF-GWN3WN3-GWW4WW4-GW87W87-GW89W89-GYOSYOS"
"972621","PCP","Solutions PCP 6.9% APR Representative and £1,000 Deposit Contribution","true","596.39","7435.5","","CT15ST-2025-GPFBPFB-GPLCPLC-GRBFRBF-GWN3WN3-GWW4WW4-GW88W88-GW89W89-GYOSYOS"
"972652","BCH","","false","550.1","","3300.6","CT15ST-2025-GPFBPFB-GPLCPLC-GRBFRBF-GWN3WN3-GWW4WW4-GW88W88-GW89W89-GYOSYOS"
"972621","PCP","Solutions PCP 6.9% APR Representative and £1,000 Deposit Contribution","true","423.7","5265.75","","CT12AM-2025-GPJAPJA-GWN1WN1-GYOSYOS-MAUD9WJ"
"972652","BCH","","false","364.18","","2185.08","CT12AM-2025-GPJAPJA-GWN1WN1-GYOSYOS-MAUD9WJ"
"972621","PCP","Solutions PCP 6.9% APR Representative and £1,000 Deposit Contribution","true","460.33","5868.75","","CT134Z-2025-GPDAPDA-GPE8PE8-GPJNPJN-GPLAPLA-GRBFRBF-GWN3WN3-GW01W01-GYOSYOS"
"972652","BCH","","false","390.89","","2345.34","CT134Z-2025-GPDAPDA-GPE8PE8-GPJNPJN-GPLAPLA-GRBFRBF-GWN3WN3-GW01W01-GYOSYOS"
"972621","PCP","Solutions PCP 6.9% APR Representative and £1,000 Deposit Contribution","true","437.01","5568.75","","CT13AM-2025-GPDAPDA-GPE8PE8-GPJNPJN-GPLAPLA-GRBFRBF-GWN3WN3-GW01W01-GYOSYOS"
"972652","BCH","","false","373.87","","2243.22","CT13AM-2025-GPDAPDA-GPE8PE8-GPJNPJN-GPLAPLA-GRBFRBF-GWN3WN3-GW01W01-GYOSYOS"
"972621","PCP","Solutions PCP 6.9% APR Representative and £1,000 Deposit Contribution","true","442.15","5688.75","","CT13BM-2025-GPDAPDA-GPE8PE8-GPJNPJN-GPLAPLA-GRBFRBF-GWN3WN3-GW01W01-GYOSYOS"
"972652","BCH","","false","377.1","","2262.6","CT13BM-2025-GPDAPDA-GPE8PE8-GPJNPJN-GPLAPLA-GRBFRBF-GWN3WN3-GW01W01-GYOSYOS"
"972398","PCP","Solutions PCP 6.9% APR Representative and £2,000 Deposit Contribution","true","490.22","6409.5","","CT13ZY-2025-GPDAPDA-GPE8PE8-GPJNPJN-GPLAPLA-GRBFRBF-GWN3WN3-GW01W01-GYOSYOS"
"972698","BCH","","false","380.19","","2281.14","CT13ZY-2025-GPDAPDA-GPE8PE8-GPJNPJN-GPLAPLA-GRBFRBF-GWN3WN3-GW01W01-GYOSYOS"
"972398","PCP","Solutions PCP 6.9% APR Representative and £2,000 Deposit Contribution","true","502.29","6829.5","","CT15ZY-2025-GPJTPJT-GRBFRBF-GWN3WN3-GWW4WW4-GYOSYOS"
"972698","BCH","","false","384","","2304","CT15ZY-2025-GPJTPJT-GRBFRBF-GWN3WN3-GWW4WW4-GYOSYOS"
"972621","PCP","Solutions PCP 6.9% APR Representative and £1,000 Deposit Contribution","true","586.5","7285.5","","CT15ST-2025-GRBFRBF-GWN3WN3-GWW4WW4-GYOSYOS"
"972652","BCH","","false","539.37","","3236.22","CT15ST-2025-GRBFRBF-GWN3WN3-GWW4WW4-GYOSYOS"
"972621","PCP","Solutions PCP 6.9% APR Representative and £1,000 Deposit Contribution","true","472.08","6288.75","","CT154Z-2025-GPJTPJT-GRBFRBF-GWN3WN3-GWW4WW4-GYOSYOS"
"972652","BCH","","false","415.11","","2490.66","CT154Z-2025-GPJTPJT-GRBFRBF-GWN3WN3-GWW4WW4-GYOSYOS"
"972621","PCP","Solutions PCP 6.9% APR Representative and £1,000 Deposit Contribution","true","453.53","6108.75","","CT15BM-2025-GPJTPJT-GRBFRBF-GWN3WN3-GWW4WW4-GYOSYOS"
"972652","BCH","","false","400.92","","2405.52","CT15BM-2025-GPJTPJT-GRBFRBF-GWN3WN3-GWW4WW4-GYOSYOS"
"972621","PCP","Solutions PCP 6.9% APR Representative and £1,000 Deposit Contribution","true","536.1","6840.75","","CT15PT-2025-GPJTPJT-GRBFRBF-GWN3WN3-GWW4WW4-GYOSYOS"
"972652","BCH","","false","488.35","","2930.1","CT15PT-2025-GPJTPJT-GRBFRBF-GWN3WN3-GWW4WW4-GYOSYOS"
"972398","PCP","Solutions PCP 6.9% APR Representative and £2,000 Deposit Contribution","true","542.98","7237.5","","CT15YY-2025-GPJTPJT-GRBFRBF-GWN3WN3-GWW4WW4-GYOSYOS"
"972698","BCH","","false","441","","2646","CT15YY-2025-GPJTPJT-GRBFRBF-GWN3WN3-GWW4WW4-GYOSYOS"
"972398","PCP","Solutions PCP 6.9% APR Representative and £2,000 Deposit Contribution","true","513.78","6768.75","","CT14ZY-2025-GPFBPFB-GPJQPJQ-GRBFRBF-GWN3WN3-GYOSYOS"
"972698","BCH","","false","477.72","","2866.32","CT14ZY-2025-GPFBPFB-GPJQPJQ-GRBFRBF-GWN3WN3-GYOSYOS"
"972621","PCP","Solutions PCP 6.9% APR Representative and £1,000 Deposit Contribution","true","465.24","6048","","CT14BM-2025-GPFBPFB-GPJQPJQ-GRBFRBF-GWN3WN3-GYOSYOS"
"972652","BCH","","false","415.86","","2495.16","CT14BM-2025-GPFBPFB-GPJQPJQ-GRBFRBF-GWN3WN3-GYOSYOS"
"972621","PCP","Solutions PCP 6.9% APR Representative and £1,000 Deposit Contribution","true","484.63","6228","","CT144Z-2025-GPFBPFB-GPJQPJQ-GRBFRBF-GWN3WN3-GYOSYOS"
"972652","BCH","","false","431.22","","2587.32","CT144Z-2025-GPFBPFB-GPJQPJQ-GRBFRBF-GWN3WN3-GYOSYOS"